n,alpha=0.25,alpha=0.5,alpha=0.75
1,0.75,0.5,0.25
5,0.5357666015625,0.24609375,0.0809326171875
10,0.4546527676284313,0.17619705200195312,0.0485864095389843
50,0.30630971310916777,0.07958923738717874,0.014641169640858966
100,0.25781571976106804,0.056348479009256366,0.008713877210057298
500,0.17254099048083882,0.025225018178360707,0.002608014357539737
